"time","Alignment.ID","Metabolite.name","value","rep","species","polarity","met.id","met.id.pol","value.norm","value.norm.mean"
0,2547,"Glucose",2075800,1,"15-mem","neg","Glucose_2547","Glucose_2547_Hilic-neg",1,1
0,2547,"Glucose",2284238,2,"15-mem","neg","Glucose_2547","Glucose_2547_Hilic-neg",1,1
0,2547,"Glucose",2295576,3,"15-mem","neg","Glucose_2547","Glucose_2547_Hilic-neg",1,1
1,2547,"Glucose",2449840,1,"15-mem","neg","Glucose_2547","Glucose_2547_Hilic-neg",1.18019020127652,1.08888193048612
1,2547,"Glucose",2449133,2,"15-mem","neg","Glucose_2547","Glucose_2547_Hilic-neg",1.07218771766002,1.08888193048612
1,2547,"Glucose",2328330,3,"15-mem","neg","Glucose_2547","Glucose_2547_Hilic-neg",1.01426787252181,1.08888193048612
2,2547,"Glucose",2370212,1,"15-mem","neg","Glucose_2547","Glucose_2547_Hilic-neg",1.14183006945271,1.0573639811503
2,2547,"Glucose",2315761,2,"15-mem","neg","Glucose_2547","Glucose_2547_Hilic-neg",1.01379978189673,1.0573639811503
2,2547,"Glucose",2333367,3,"15-mem","neg","Glucose_2547","Glucose_2547_Hilic-neg",1.01646209210146,1.0573639811503
3,2547,"Glucose",2019478,1,"15-mem","neg","Glucose_2547","Glucose_2547_Hilic-neg",0.972866859588178,0.857974573340595
3,2547,"Glucose",1836438,2,"15-mem","neg","Glucose_2547","Glucose_2547_Hilic-neg",0.803960531275405,0.857974573340595
3,2547,"Glucose",1829796,3,"15-mem","neg","Glucose_2547","Glucose_2547_Hilic-neg",0.797096329158203,0.857974573340595
4,2547,"Glucose",66498,1,"15-mem","neg","Glucose_2547","Glucose_2547_Hilic-neg",0.0320348626867412,0.0178564412322939
4,2547,"Glucose",22970,2,"15-mem","neg","Glucose_2547","Glucose_2547_Hilic-neg",0.0100558654326452,0.0178564412322939
4,2547,"Glucose",26350,3,"15-mem","neg","Glucose_2547","Glucose_2547_Hilic-neg",0.0114785955774953,0.0178564412322939
5,2547,"Glucose",6699,1,"15-mem","neg","Glucose_2547","Glucose_2547_Hilic-neg",0.00322718796262262,0.00741362580427838
5,2547,"Glucose",13778,2,"15-mem","neg","Glucose_2547","Glucose_2547_Hilic-neg",0.00603176812934198,0.00741362580427838
5,2547,"Glucose",29801,3,"15-mem","neg","Glucose_2547","Glucose_2547_Hilic-neg",0.0129819213208705,0.00741362580427838
6,2547,"Glucose",41377,1,"15-mem","neg","Glucose_2547","Glucose_2547_Hilic-neg",0.0199330282623431,0.0119297935885746
6,2547,"Glucose",17624,2,"15-mem","neg","Glucose_2547","Glucose_2547_Hilic-neg",0.00771547986003216,0.0119297935885746
6,2547,"Glucose",18688,3,"15-mem","neg","Glucose_2547","Glucose_2547_Hilic-neg",0.00814087264334849,0.0119297935885746
7,2547,"Glucose",15135,1,"15-mem","neg","Glucose_2547","Glucose_2547_Hilic-neg",0.00729116133964672,0.00598953353054074
7,2547,"Glucose",10050,2,"15-mem","neg","Glucose_2547","Glucose_2547_Hilic-neg",0.00439971474088307,0.00598953353054074
7,2547,"Glucose",14411,3,"15-mem","neg","Glucose_2547","Glucose_2547_Hilic-neg",0.00627772451109242,0.00598953353054074
8,2547,"Glucose",11160,1,"15-mem","neg","Glucose_2547","Glucose_2547_Hilic-neg",0.00537623789563643,0.0064525387469186
8,2547,"Glucose",16184,2,"15-mem","neg","Glucose_2547","Glucose_2547_Hilic-neg",0.00708507297178623,0.0064525387469186
8,2547,"Glucose",15831,3,"15-mem","neg","Glucose_2547","Glucose_2547_Hilic-neg",0.00689630537333315,0.0064525387469186
9,2547,"Glucose",9882,1,"15-mem","neg","Glucose_2547","Glucose_2547_Hilic-neg",0.00476057194307161,0.00536663523781608
9,2547,"Glucose",10741,2,"15-mem","neg","Glucose_2547","Glucose_2547_Hilic-neg",0.00470222249072886,0.00536663523781608
9,2547,"Glucose",15236,3,"15-mem","neg","Glucose_2547","Glucose_2547_Hilic-neg",0.00663711127964777,0.00536663523781608
10,2547,"Glucose",17304,1,"15-mem","neg","Glucose_2547","Glucose_2547_Hilic-neg",0.00833605918871799,0.00651615451184369
10,2547,"Glucose",11874,2,"15-mem","neg","Glucose_2547","Glucose_2547_Hilic-neg",0.00519823013266125,0.00651615451184369
10,2547,"Glucose",13806,3,"15-mem","neg","Glucose_2547","Glucose_2547_Hilic-neg",0.00601417421415182,0.00651615451184369
12,2547,"Glucose",9476,1,"15-mem","neg","Glucose_2547","Glucose_2547_Hilic-neg",0.00456498479382176,0.00489923312521796
12,2547,"Glucose",15196,2,"15-mem","neg","Glucose_2547","Glucose_2547_Hilic-neg",0.00665254380123971,0.00489923312521796
12,2547,"Glucose",7989,3,"15-mem","neg","Glucose_2547","Glucose_2547_Hilic-neg",0.00348017078059242,0.00489923312521796
14,2547,"Glucose",10165,1,"15-mem","neg","Glucose_2547","Glucose_2547_Hilic-neg",0.00489690485745021,0.00334254998423084
14,2547,"Glucose",3832,2,"15-mem","neg","Glucose_2547","Glucose_2547_Hilic-neg",0.00167758277483223,0.00334254998423084
14,2547,"Glucose",7927,3,"15-mem","neg","Glucose_2547","Glucose_2547_Hilic-neg",0.00345316232041008,0.00334254998423084
16,2547,"Glucose",8453,1,"15-mem","neg","Glucose_2547","Glucose_2547_Hilic-neg",0.00407216298672175,0.00350087056406529
16,2547,"Glucose",8782,2,"15-mem","neg","Glucose_2547","Glucose_2547_Hilic-neg",0.00384460645317762,0.00350087056406529
16,2547,"Glucose",5936,3,"15-mem","neg","Glucose_2547","Glucose_2547_Hilic-neg",0.00258584225229648,0.00350087056406529
18,2547,"Glucose",3845,1,"15-mem","neg","Glucose_2547","Glucose_2547_Hilic-neg",0.00185229701691058,0.00269414122244616
18,2547,"Glucose",7401,2,"15-mem","neg","Glucose_2547","Glucose_2547_Hilic-neg",0.00324002873604732,0.00269414122244616
18,2547,"Glucose",6864,3,"15-mem","neg","Glucose_2547","Glucose_2547_Hilic-neg",0.00299009791438057,0.00269414122244616
20,2547,"Glucose",8667,1,"15-mem","neg","Glucose_2547","Glucose_2547_Hilic-neg",0.00417525572056281,0.00381055501654034
20,2547,"Glucose",10808,2,"15-mem","neg","Glucose_2547","Glucose_2547_Hilic-neg",0.00473155392233475,0.00381055501654034
20,2547,"Glucose",5796,3,"15-mem","neg","Glucose_2547","Glucose_2547_Hilic-neg",0.00252485540672345,0.00381055501654034
22,2547,"Glucose",5493,1,"15-mem","neg","Glucose_2547","Glucose_2547_Hilic-neg",0.0026462074158361,0.00411740612272385
22,2547,"Glucose",12067,2,"15-mem","neg","Glucose_2547","Glucose_2547_Hilic-neg",0.00528272216698866,0.00411740612272385
22,2547,"Glucose",10154,3,"15-mem","neg","Glucose_2547","Glucose_2547_Hilic-neg",0.00442328878534678,0.00411740612272385
24,2547,"Glucose",5457,1,"15-mem","neg","Glucose_2547","Glucose_2547_Hilic-neg",0.00262886471294695,0.00405215757629341
24,2547,"Glucose",9944,2,"15-mem","neg","Glucose_2547","Glucose_2547_Hilic-neg",0.00435330978938719,0.00405215757629341
24,2547,"Glucose",11878,3,"15-mem","neg","Glucose_2547","Glucose_2547_Hilic-neg",0.00517429822654609,0.00405215757629341
28,2547,"Glucose",3387,1,"15-mem","neg","Glucose_2547","Glucose_2547_Hilic-neg",0.00163165929682084,0.00308393658152996
28,2547,"Glucose",8591,2,"15-mem","neg","Glucose_2547","Glucose_2547_Hilic-neg",0.00376098998397278,0.00308393658152996
28,2547,"Glucose",8859,3,"15-mem","neg","Glucose_2547","Glucose_2547_Hilic-neg",0.00385916046379625,0.00308393658152996
32,2547,"Glucose",5205,1,"15-mem","neg","Glucose_2547","Glucose_2547_Hilic-neg",0.00250746579272291,0.00402873762558454
32,2547,"Glucose",15060,2,"15-mem","neg","Glucose_2547","Glucose_2547_Hilic-neg",0.00659300537290537,0.00402873762558454
32,2547,"Glucose",6854,3,"15-mem","neg","Glucose_2547","Glucose_2547_Hilic-neg",0.00298574171112535,0.00402873762558454
36,2547,"Glucose",7094,1,"15-mem","neg","Glucose_2547","Glucose_2547_Hilic-neg",0.00341747595265635,0.00383525803692741
36,2547,"Glucose",7517,2,"15-mem","neg","Glucose_2547","Glucose_2547_Hilic-neg",0.00329081151315602,0.00383525803692741
36,2547,"Glucose",11013,3,"15-mem","neg","Glucose_2547","Glucose_2547_Hilic-neg",0.00479748664496987,0.00383525803692741
40,2547,"Glucose",12837,1,"15-mem","neg","Glucose_2547","Glucose_2547_Hilic-neg",0.00618411880522266,0.00566984077616983
40,2547,"Glucose",14213,2,"15-mem","neg","Glucose_2547","Glucose_2547_Hilic-neg",0.00622220354349961,0.00566984077616983
40,2547,"Glucose",10567,3,"15-mem","neg","Glucose_2547","Glucose_2547_Hilic-neg",0.00460319997978722,0.00566984077616983
44,2547,"Glucose",12203,1,"15-mem","neg","Glucose_2547","Glucose_2547_Hilic-neg",0.00587869453767485,0.00406368927025777
44,2547,"Glucose",6757,2,"15-mem","neg","Glucose_2547","Glucose_2547_Hilic-neg",0.00295809676658178,0.00406368927025777
44,2547,"Glucose",7700,3,"15-mem","neg","Glucose_2547","Glucose_2547_Hilic-neg",0.00335427650651666,0.00406368927025777
48,2547,"Glucose",7088,1,"15-mem","neg","Glucose_2547","Glucose_2547_Hilic-neg",0.00341458550217482,0.00534126196969683
48,2547,"Glucose",16599,2,"15-mem","neg","Glucose_2547","Glucose_2547_Hilic-neg",0.00726675273471821,0.00534126196969683
48,2547,"Glucose",12264,3,"15-mem","neg","Glucose_2547","Glucose_2547_Hilic-neg",0.00534244767219745,0.00534126196969683
0,3078,"Arginine",486792800,1,"15-mem","pos","Arginine_3078","Arginine_3078_Hilic-pos",1,1
0,3078,"Arginine",441243168,2,"15-mem","pos","Arginine_3078","Arginine_3078_Hilic-pos",1,1
0,3078,"Arginine",459882176,3,"15-mem","pos","Arginine_3078","Arginine_3078_Hilic-pos",1,1
1,3078,"Arginine",456423936,1,"15-mem","pos","Arginine_3078","Arginine_3078_Hilic-pos",0.937614391713241,1.09662940555671
1,3078,"Arginine",543598272,2,"15-mem","pos","Arginine_3078","Arginine_3078_Hilic-pos",1.23196983022303,1.09662940555671
1,3078,"Arginine",515207840,3,"15-mem","pos","Arginine_3078","Arginine_3078_Hilic-pos",1.12030399473385,1.09662940555671
2,3078,"Arginine",463695104,1,"15-mem","pos","Arginine_3078","Arginine_3078_Hilic-pos",0.952551276533771,0.985341302942539
2,3078,"Arginine",439240512,2,"15-mem","pos","Arginine_3078","Arginine_3078_Hilic-pos",0.995461330303337,0.985341302942539
2,3078,"Arginine",463566432,3,"15-mem","pos","Arginine_3078","Arginine_3078_Hilic-pos",1.00801130199051,0.985341302942539
3,3078,"Arginine",484861856,1,"15-mem","pos","Arginine_3078","Arginine_3078_Hilic-pos",0.996033332875849,1.02663760339405
3,3078,"Arginine",486343808,2,"15-mem","pos","Arginine_3078","Arginine_3078_Hilic-pos",1.10221266224294,1.02663760339405
3,3078,"Arginine",451451072,3,"15-mem","pos","Arginine_3078","Arginine_3078_Hilic-pos",0.981666815063372,1.02663760339405
4,3078,"Arginine",430862016,1,"15-mem","pos","Arginine_3078","Arginine_3078_Hilic-pos",0.885103508340502,1.00175007451733
4,3078,"Arginine",453481760,2,"15-mem","pos","Arginine_3078","Arginine_3078_Hilic-pos",1.02773661296046,1.00175007451733
4,3078,"Arginine",502379936,3,"15-mem","pos","Arginine_3078","Arginine_3078_Hilic-pos",1.09241010225104,1.00175007451733
5,3078,"Arginine",3460610,1,"15-mem","pos","Arginine_3078","Arginine_3078_Hilic-pos",0.00710899995417147,0.0132105531706543
5,3078,"Arginine",3334368,2,"15-mem","pos","Arginine_3078","Arginine_3078_Hilic-pos",0.00755675834609918,0.0132105531706543
5,3078,"Arginine",11481373,3,"15-mem","pos","Arginine_3078","Arginine_3078_Hilic-pos",0.0249659012116923,0.0132105531706543
6,3078,"Arginine",14481089,1,"15-mem","pos","Arginine_3078","Arginine_3078_Hilic-pos",0.0297479522504278,0.0151607496219138
6,3078,"Arginine",3432164,2,"15-mem","pos","Arginine_3078","Arginine_3078_Hilic-pos",0.00777839577160683,0.0151607496219138
6,3078,"Arginine",3658777,3,"15-mem","pos","Arginine_3078","Arginine_3078_Hilic-pos",0.00795590084370676,0.0151607496219138
7,3078,"Arginine",2981576,1,"15-mem","pos","Arginine_3078","Arginine_3078_Hilic-pos",0.00612493856498096,0.00644479615155285
7,3078,"Arginine",2697398,2,"15-mem","pos","Arginine_3078","Arginine_3078_Hilic-pos",0.00611317792434765,0.00644479615155285
7,3078,"Arginine",3263449,3,"15-mem","pos","Arginine_3078","Arginine_3078_Hilic-pos",0.00709627196532994,0.00644479615155285
8,3078,"Arginine",2193893,1,"15-mem","pos","Arginine_3078","Arginine_3078_Hilic-pos",0.00450683123393191,0.00630055042989427
8,3078,"Arginine",2867196,2,"15-mem","pos","Arginine_3078","Arginine_3078_Hilic-pos",0.00649799521315649,0.00630055042989427
8,3078,"Arginine",3631609,3,"15-mem","pos","Arginine_3078","Arginine_3078_Hilic-pos",0.00789682484259441,0.00630055042989427
9,3078,"Arginine",2974611,1,"15-mem","pos","Arginine_3078","Arginine_3078_Hilic-pos",0.00611063062947802,0.00577877132861723
9,3078,"Arginine",2568572,2,"15-mem","pos","Arginine_3078","Arginine_3078_Hilic-pos",0.00582121646397658,0.00577877132861723
9,3078,"Arginine",2485418,3,"15-mem","pos","Arginine_3078","Arginine_3078_Hilic-pos",0.00540446689239709,0.00577877132861723
10,3078,"Arginine",2434855,1,"15-mem","pos","Arginine_3078","Arginine_3078_Hilic-pos",0.00500183033725678,0.00551347652847403
10,3078,"Arginine",2559563,2,"15-mem","pos","Arginine_3078","Arginine_3078_Hilic-pos",0.00580079915072861,0.00551347652847403
10,3078,"Arginine",2638712,3,"15-mem","pos","Arginine_3078","Arginine_3078_Hilic-pos",0.0057378000974367,0.00551347652847403
12,3078,"Arginine",2256172,1,"15-mem","pos","Arginine_3078","Arginine_3078_Hilic-pos",0.00463476862304708,0.00493687660961832
12,3078,"Arginine",2426640,2,"15-mem","pos","Arginine_3078","Arginine_3078_Hilic-pos",0.00549955256077857,0.00493687660961832
12,3078,"Arginine",2150551,3,"15-mem","pos","Arginine_3078","Arginine_3078_Hilic-pos",0.00467630864502931,0.00493687660961832
14,3078,"Arginine",994978,1,"15-mem","pos","Arginine_3078","Arginine_3078_Hilic-pos",0.00204394559236713,0.00243705291494736
14,3078,"Arginine",1181701,2,"15-mem","pos","Arginine_3078","Arginine_3078_Hilic-pos",0.00267811738066816,0.00243705291494736
14,3078,"Arginine",1190679,3,"15-mem","pos","Arginine_3078","Arginine_3078_Hilic-pos",0.00258909577180679,0.00243705291494736
16,3078,"Arginine",860805,1,"15-mem","pos","Arginine_3078","Arginine_3078_Hilic-pos",0.00176831908407783,0.00265610699163845
16,3078,"Arginine",1756624,2,"15-mem","pos","Arginine_3078","Arginine_3078_Hilic-pos",0.00398107919490534,0.00265610699163845
16,3078,"Arginine",1020443,3,"15-mem","pos","Arginine_3078","Arginine_3078_Hilic-pos",0.00221892269593218,0.00265610699163845
18,3078,"Arginine",689876,1,"15-mem","pos","Arginine_3078","Arginine_3078_Hilic-pos",0.00141718611816529,0.00200927065776598
18,3078,"Arginine",560784,2,"15-mem","pos","Arginine_3078","Arginine_3078_Hilic-pos",0.00127091825868017,0.00200927065776598
18,3078,"Arginine",1535872,3,"15-mem","pos","Arginine_3078","Arginine_3078_Hilic-pos",0.00333970759645247,0.00200927065776598
20,3078,"Arginine",1456082,1,"15-mem","pos","Arginine_3078","Arginine_3078_Hilic-pos",0.00299117406216531,0.00233313509012122
20,3078,"Arginine",1179704,2,"15-mem","pos","Arginine_3078","Arginine_3078_Hilic-pos",0.00267359153156658,0.00233313509012122
20,3078,"Arginine",613777,3,"15-mem","pos","Arginine_3078","Arginine_3078_Hilic-pos",0.00133463967663178,0.00233313509012122
22,3078,"Arginine",1091242,1,"15-mem","pos","Arginine_3078","Arginine_3078_Hilic-pos",0.00224169707883581,0.00207883858663059
22,3078,"Arginine",1286276,2,"15-mem","pos","Arginine_3078","Arginine_3078_Hilic-pos",0.00291511821682162,0.00207883858663059
22,3078,"Arginine",496535,3,"15-mem","pos","Arginine_3078","Arginine_3078_Hilic-pos",0.00107970046423434,0.00207883858663059
24,3078,"Arginine",1302023,1,"15-mem","pos","Arginine_3078","Arginine_3078_Hilic-pos",0.00267469649782269,0.00298993517439135
24,3078,"Arginine",1405530,2,"15-mem","pos","Arginine_3078","Arginine_3078_Hilic-pos",0.00318538642351198,0.00298993517439135
24,3078,"Arginine",1430106,3,"15-mem","pos","Arginine_3078","Arginine_3078_Hilic-pos",0.00310972260183938,0.00298993517439135
28,3078,"Arginine",381076,1,"15-mem","pos","Arginine_3078","Arginine_3078_Hilic-pos",0.000782829982730168,0.00141936149771178
28,3078,"Arginine",1058794,2,"15-mem","pos","Arginine_3078","Arginine_3078_Hilic-pos",0.0023995702922712,0.00141936149771178
28,3078,"Arginine",494688,3,"15-mem","pos","Arginine_3078","Arginine_3078_Hilic-pos",0.00107568421813399,0.00141936149771178
32,3078,"Arginine",323102,1,"15-mem","pos","Arginine_3078","Arginine_3078_Hilic-pos",0.000663736191940932,0.0018761873183372
32,3078,"Arginine",1042608,2,"15-mem","pos","Arginine_3078","Arginine_3078_Hilic-pos",0.00236288757141077,0.0018761873183372
32,3078,"Arginine",1196585,3,"15-mem","pos","Arginine_3078","Arginine_3078_Hilic-pos",0.0026019381916599,0.0018761873183372
36,3078,"Arginine",384202,1,"15-mem","pos","Arginine_3078","Arginine_3078_Hilic-pos",0.00078925160604419,0.00204401186458274
36,3078,"Arginine",1090623,2,"15-mem","pos","Arginine_3078","Arginine_3078_Hilic-pos",0.00247170512004006,0.00204401186458274
36,3078,"Arginine",1320358,3,"15-mem","pos","Arginine_3078","Arginine_3078_Hilic-pos",0.00287107886766397,0.00204401186458274
40,3078,"Arginine",387625,1,"15-mem","pos","Arginine_3078","Arginine_3078_Hilic-pos",0.000796283345200908,0.00136270521118299
40,3078,"Arginine",1056791,2,"15-mem","pos","Arginine_3078","Arginine_3078_Hilic-pos",0.00239503084522539,0.00136270521118299
40,3078,"Arginine",412423,3,"15-mem","pos","Arginine_3078","Arginine_3078_Hilic-pos",0.00089680144312268,0.00136270521118299
44,3078,"Arginine",508852,1,"15-mem","pos","Arginine_3078","Arginine_3078_Hilic-pos",0.00104531537638742,0.00102336707153347
44,3078,"Arginine",568484,2,"15-mem","pos","Arginine_3078","Arginine_3078_Hilic-pos",0.00128836895376391,0.00102336707153347
44,3078,"Arginine",338665,3,"15-mem","pos","Arginine_3078","Arginine_3078_Hilic-pos",0.000736416884449079,0.00102336707153347
48,3078,"Arginine",383306,1,"15-mem","pos","Arginine_3078","Arginine_3078_Hilic-pos",0.000787410987205622,0.00193075645279293
48,3078,"Arginine",832871,2,"15-mem","pos","Arginine_3078","Arginine_3078_Hilic-pos",0.00188755556689423,0.00193075645279293
48,3078,"Arginine",1433592,3,"15-mem","pos","Arginine_3078","Arginine_3078_Hilic-pos",0.00311730280427893,0.00193075645279293
0,6157,"Glycerophosphocholine",562049856,1,"15-mem","pos","Glycerophosphocholine_6157","Glycerophosphocholine_6157_Hilic-pos",1,1
0,6157,"Glycerophosphocholine",515634496,2,"15-mem","pos","Glycerophosphocholine_6157","Glycerophosphocholine_6157_Hilic-pos",1,1
0,6157,"Glycerophosphocholine",508546112,3,"15-mem","pos","Glycerophosphocholine_6157","Glycerophosphocholine_6157_Hilic-pos",1,1
1,6157,"Glycerophosphocholine",577091840,1,"15-mem","pos","Glycerophosphocholine_6157","Glycerophosphocholine_6157_Hilic-pos",1.02676272009086,1.01211120477264
1,6157,"Glycerophosphocholine",473926592,2,"15-mem","pos","Glycerophosphocholine_6157","Glycerophosphocholine_6157_Hilic-pos",0.919113431621314,1.01211120477264
1,6157,"Glycerophosphocholine",554547904,3,"15-mem","pos","Glycerophosphocholine_6157","Glycerophosphocholine_6157_Hilic-pos",1.09045746260576,1.01211120477264
2,6157,"Glycerophosphocholine",470703712,1,"15-mem","pos","Glycerophosphocholine_6157","Glycerophosphocholine_6157_Hilic-pos",0.837476793451084,0.949352172109054
2,6157,"Glycerophosphocholine",501877888,2,"15-mem","pos","Glycerophosphocholine_6157","Glycerophosphocholine_6157_Hilic-pos",0.973321007263794,0.949352172109054
2,6157,"Glycerophosphocholine",527493888,3,"15-mem","pos","Glycerophosphocholine_6157","Glycerophosphocholine_6157_Hilic-pos",1.03725871561228,0.949352172109054
3,6157,"Glycerophosphocholine",559374272,1,"15-mem","pos","Glycerophosphocholine_6157","Glycerophosphocholine_6157_Hilic-pos",0.995239594910172,0.936038634514552
3,6157,"Glycerophosphocholine",435851648,2,"15-mem","pos","Glycerophosphocholine_6157","Glycerophosphocholine_6157_Hilic-pos",0.845272476018997,0.936038634514552
3,6157,"Glycerophosphocholine",492071168,3,"15-mem","pos","Glycerophosphocholine_6157","Glycerophosphocholine_6157_Hilic-pos",0.967603832614487,0.936038634514552
4,6157,"Glycerophosphocholine",365794848,1,"15-mem","pos","Glycerophosphocholine_6157","Glycerophosphocholine_6157_Hilic-pos",0.650822775674152,0.646657257688421
4,6157,"Glycerophosphocholine",329788032,2,"15-mem","pos","Glycerophosphocholine_6157","Glycerophosphocholine_6157_Hilic-pos",0.639577130542529,0.646657257688421
4,6157,"Glycerophosphocholine",330337248,3,"15-mem","pos","Glycerophosphocholine_6157","Glycerophosphocholine_6157_Hilic-pos",0.649571866848582,0.646657257688421
5,6157,"Glycerophosphocholine",9015440,1,"15-mem","pos","Glycerophosphocholine_6157","Glycerophosphocholine_6157_Hilic-pos",0.0160402851948417,0.0245277184974236
5,6157,"Glycerophosphocholine",10292489,2,"15-mem","pos","Glycerophosphocholine_6157","Glycerophosphocholine_6157_Hilic-pos",0.01996082314097,0.0245277184974236
5,6157,"Glycerophosphocholine",19112204,3,"15-mem","pos","Glycerophosphocholine_6157","Glycerophosphocholine_6157_Hilic-pos",0.0375820471564591,0.0245277184974236
6,6157,"Glycerophosphocholine",8674239,1,"15-mem","pos","Glycerophosphocholine_6157","Glycerophosphocholine_6157_Hilic-pos",0.0154332198326669,0.00605696171564767
6,6157,"Glycerophosphocholine",741035,2,"15-mem","pos","Glycerophosphocholine_6157","Glycerophosphocholine_6157_Hilic-pos",0.00143713231816606,0.00605696171564767
6,6157,"Glycerophosphocholine",661381,3,"15-mem","pos","Glycerophosphocholine_6157","Glycerophosphocholine_6157_Hilic-pos",0.00130053299611003,0.00605696171564767
7,6157,"Glycerophosphocholine",528442,1,"15-mem","pos","Glycerophosphocholine_6157","Glycerophosphocholine_6157_Hilic-pos",0.000940204847343285,0.00117164010777946
7,6157,"Glycerophosphocholine",643159,2,"15-mem","pos","Glycerophosphocholine_6157","Glycerophosphocholine_6157_Hilic-pos",0.00124731569307707,0.00117164010777946
7,6157,"Glycerophosphocholine",675044,3,"15-mem","pos","Glycerophosphocholine_6157","Glycerophosphocholine_6157_Hilic-pos",0.00132739978291801,0.00117164010777946
8,6157,"Glycerophosphocholine",512831,1,"15-mem","pos","Glycerophosphocholine_6157","Glycerophosphocholine_6157_Hilic-pos",0.00091242973130051,0.00138138500547316
8,6157,"Glycerophosphocholine",574141,2,"15-mem","pos","Glycerophosphocholine_6157","Glycerophosphocholine_6157_Hilic-pos",0.00111346506748558,0.00138138500547316
8,6157,"Glycerophosphocholine",1077233,3,"15-mem","pos","Glycerophosphocholine_6157","Glycerophosphocholine_6157_Hilic-pos",0.0021182602176334,0.00138138500547316
9,6157,"Glycerophosphocholine",891816,1,"15-mem","pos","Glycerophosphocholine_6157","Glycerophosphocholine_6157_Hilic-pos",0.00158672044640339,0.00130592132739263
9,6157,"Glycerophosphocholine",591105,2,"15-mem","pos","Glycerophosphocholine_6157","Glycerophosphocholine_6157_Hilic-pos",0.0011463643403207,0.00130592132739263
9,6157,"Glycerophosphocholine",602464,3,"15-mem","pos","Glycerophosphocholine_6157","Glycerophosphocholine_6157_Hilic-pos",0.00118467919545381,0.00130592132739263
10,6157,"Glycerophosphocholine",617965,1,"15-mem","pos","Glycerophosphocholine_6157","Glycerophosphocholine_6157_Hilic-pos",0.00109948431140691,0.0010851230918354
10,6157,"Glycerophosphocholine",475749,2,"15-mem","pos","Glycerophosphocholine_6157","Glycerophosphocholine_6157_Hilic-pos",0.000922647733555344,0.0010851230918354
10,6157,"Glycerophosphocholine",627158,3,"15-mem","pos","Glycerophosphocholine_6157","Glycerophosphocholine_6157_Hilic-pos",0.00123323723054393,0.0010851230918354
12,6157,"Glycerophosphocholine",891221,1,"15-mem","pos","Glycerophosphocholine_6157","Glycerophosphocholine_6157_Hilic-pos",0.00158566182145653,0.00139900025696142
12,6157,"Glycerophosphocholine",816236,2,"15-mem","pos","Glycerophosphocholine_6157","Glycerophosphocholine_6157_Hilic-pos",0.00158297399562854,0.00139900025696142
12,6157,"Glycerophosphocholine",522971,3,"15-mem","pos","Glycerophosphocholine_6157","Glycerophosphocholine_6157_Hilic-pos",0.00102836495379918,0.00139900025696142
14,6157,"Glycerophosphocholine",705404,1,"15-mem","pos","Glycerophosphocholine_6157","Glycerophosphocholine_6157_Hilic-pos",0.00125505591935414,0.00129798168724314
14,6157,"Glycerophosphocholine",583126,2,"15-mem","pos","Glycerophosphocholine_6157","Glycerophosphocholine_6157_Hilic-pos",0.00113089020108754,0.00129798168724314
14,6157,"Glycerophosphocholine",766887,3,"15-mem","pos","Glycerophosphocholine_6157","Glycerophosphocholine_6157_Hilic-pos",0.00150799894128775,0.00129798168724314
16,6157,"Glycerophosphocholine",513172,1,"15-mem","pos","Glycerophosphocholine_6157","Glycerophosphocholine_6157_Hilic-pos",0.000913036439043165,0.0012158859392024
16,6157,"Glycerophosphocholine",964211,2,"15-mem","pos","Glycerophosphocholine_6157","Glycerophosphocholine_6157_Hilic-pos",0.00186995052815483,0.0012158859392024
16,6157,"Glycerophosphocholine",439725,3,"15-mem","pos","Glycerophosphocholine_6157","Glycerophosphocholine_6157_Hilic-pos",0.000864670850409194,0.0012158859392024
18,6157,"Glycerophosphocholine",562912,1,"15-mem","pos","Glycerophosphocholine_6157","Glycerophosphocholine_6157_Hilic-pos",0.00100153392619758,0.00124200178189615
18,6157,"Glycerophosphocholine",493758,2,"15-mem","pos","Glycerophosphocholine_6157","Glycerophosphocholine_6157_Hilic-pos",0.000957573635729806,0.00124200178189615
18,6157,"Glycerophosphocholine",898549,3,"15-mem","pos","Glycerophosphocholine_6157","Glycerophosphocholine_6157_Hilic-pos",0.00176689778376106,0.00124200178189615
20,6157,"Glycerophosphocholine",1330790,1,"15-mem","pos","Glycerophosphocholine_6157","Glycerophosphocholine_6157_Hilic-pos",0.00236774368577057,0.00173703734031724
20,6157,"Glycerophosphocholine",876130,2,"15-mem","pos","Glycerophosphocholine_6157","Glycerophosphocholine_6157_Hilic-pos",0.00169912991682556,0.00173703734031724
20,6157,"Glycerophosphocholine",581898,3,"15-mem","pos","Glycerophosphocholine_6157","Glycerophosphocholine_6157_Hilic-pos",0.00114423841835558,0.00173703734031724
22,6157,"Glycerophosphocholine",969837,1,"15-mem","pos","Glycerophosphocholine_6157","Glycerophosphocholine_6157_Hilic-pos",0.00172553553376316,0.00179936204108587
22,6157,"Glycerophosphocholine",1335694,2,"15-mem","pos","Glycerophosphocholine_6157","Glycerophosphocholine_6157_Hilic-pos",0.00259038913759876,0.00179936204108587
22,6157,"Glycerophosphocholine",550329,3,"15-mem","pos","Glycerophosphocholine_6157","Glycerophosphocholine_6157_Hilic-pos",0.00108216145189571,0.00179936204108587
24,6157,"Glycerophosphocholine",1219064,1,"15-mem","pos","Glycerophosphocholine_6157","Glycerophosphocholine_6157_Hilic-pos",0.00216896060877389,0.00226522913865419
24,6157,"Glycerophosphocholine",1410794,2,"15-mem","pos","Glycerophosphocholine_6157","Glycerophosphocholine_6157_Hilic-pos",0.00273603493988107,0.00226522913865419
24,6157,"Glycerophosphocholine",961504,3,"15-mem","pos","Glycerophosphocholine_6157","Glycerophosphocholine_6157_Hilic-pos",0.00189069186730762,0.00226522913865419
28,6157,"Glycerophosphocholine",492870,1,"15-mem","pos","Glycerophosphocholine_6157","Glycerophosphocholine_6157_Hilic-pos",0.000876915088335304,0.00139515946056093
28,6157,"Glycerophosphocholine",1232058,2,"15-mem","pos","Glycerophosphocholine_6157","Glycerophosphocholine_6157_Hilic-pos",0.00238940180916561,0.00139515946056093
28,6157,"Glycerophosphocholine",467436,3,"15-mem","pos","Glycerophosphocholine_6157","Glycerophosphocholine_6157_Hilic-pos",0.000919161484181868,0.00139515946056093
32,6157,"Glycerophosphocholine",436197,1,"15-mem","pos","Glycerophosphocholine_6157","Glycerophosphocholine_6157_Hilic-pos",0.000776082396547963,0.0016109682243441
32,6157,"Glycerophosphocholine",1233644,2,"15-mem","pos","Glycerophosphocholine_6157","Glycerophosphocholine_6157_Hilic-pos",0.00239247763130169,0.0016109682243441
32,6157,"Glycerophosphocholine",846396,3,"15-mem","pos","Glycerophosphocholine_6157","Glycerophosphocholine_6157_Hilic-pos",0.00166434464518265,0.0016109682243441
36,6157,"Glycerophosphocholine",518079,1,"15-mem","pos","Glycerophosphocholine_6157","Glycerophosphocholine_6157_Hilic-pos",0.000921766981251985,0.00214168526987098
36,6157,"Glycerophosphocholine",1442786,2,"15-mem","pos","Glycerophosphocholine_6157","Glycerophosphocholine_6157_Hilic-pos",0.0027980788880384,0.00214168526987098
36,6157,"Glycerophosphocholine",1375724,3,"15-mem","pos","Glycerophosphocholine_6157","Glycerophosphocholine_6157_Hilic-pos",0.00270520994032256,0.00214168526987098
40,6157,"Glycerophosphocholine",451585,1,"15-mem","pos","Glycerophosphocholine_6157","Glycerophosphocholine_6157_Hilic-pos",0.000803460750635864,0.00150073938879426
40,6157,"Glycerophosphocholine",1430815,2,"15-mem","pos","Glycerophosphocholine_6157","Glycerophosphocholine_6157_Hilic-pos",0.00277486283079311,0.00150073938879426
40,6157,"Glycerophosphocholine",469843,3,"15-mem","pos","Glycerophosphocholine_6157","Glycerophosphocholine_6157_Hilic-pos",0.000923894584953794,0.00150073938879426
44,6157,"Glycerophosphocholine",555763,1,"15-mem","pos","Glycerophosphocholine_6157","Glycerophosphocholine_6157_Hilic-pos",0.000988814414020926,0.000962669627708596
44,6157,"Glycerophosphocholine",562165,2,"15-mem","pos","Glycerophosphocholine_6157","Glycerophosphocholine_6157_Hilic-pos",0.00109023931344919,0.000962669627708596
44,6157,"Glycerophosphocholine",411391,3,"15-mem","pos","Glycerophosphocholine_6157","Glycerophosphocholine_6157_Hilic-pos",0.000808955155655668,0.000962669627708596
48,6157,"Glycerophosphocholine",464256,1,"15-mem","pos","Glycerophosphocholine_6157","Glycerophosphocholine_6157_Hilic-pos",0.00082600501400003,0.00191124888106065
48,6157,"Glycerophosphocholine",1272727,2,"15-mem","pos","Glycerophosphocholine_6157","Glycerophosphocholine_6157_Hilic-pos",0.0024682735685933,0.00191124888106065
48,6157,"Glycerophosphocholine",1240582,3,"15-mem","pos","Glycerophosphocholine_6157","Glycerophosphocholine_6157_Hilic-pos",0.00243946806058864,0.00191124888106065
0,2092,"Lysine",641089152,1,"15-mem","pos","Lysine_2092","Lysine_2092_Hilic-pos",1,1
0,2092,"Lysine",614696768,2,"15-mem","pos","Lysine_2092","Lysine_2092_Hilic-pos",1,1
0,2092,"Lysine",585159872,3,"15-mem","pos","Lysine_2092","Lysine_2092_Hilic-pos",1,1
1,2092,"Lysine",638449152,1,"15-mem","pos","Lysine_2092","Lysine_2092_Hilic-pos",0.995882006445366,1.08678052962397
1,2092,"Lysine",704781376,2,"15-mem","pos","Lysine_2092","Lysine_2092_Hilic-pos",1.14655129413898,1.08678052962397
1,2092,"Lysine",654155072,3,"15-mem","pos","Lysine_2092","Lysine_2092_Hilic-pos",1.11790828828757,1.08678052962397
2,2092,"Lysine",697353920,1,"15-mem","pos","Lysine_2092","Lysine_2092_Hilic-pos",1.08776434094495,1.06157753393891
2,2092,"Lysine",595963712,2,"15-mem","pos","Lysine_2092","Lysine_2092_Hilic-pos",0.969524718617807,1.06157753393891
2,2092,"Lysine",659734720,3,"15-mem","pos","Lysine_2092","Lysine_2092_Hilic-pos",1.12744354225396,1.06157753393891
3,2092,"Lysine",606479424,1,"15-mem","pos","Lysine_2092","Lysine_2092_Hilic-pos",0.946014171604616,0.961201398193468
3,2092,"Lysine",615390784,2,"15-mem","pos","Lysine_2092","Lysine_2092_Hilic-pos",1.00112903635581,0.961201398193468
3,2092,"Lysine",547979392,3,"15-mem","pos","Lysine_2092","Lysine_2092_Hilic-pos",0.936460986619976,0.961201398193468
4,2092,"Lysine",460968224,1,"15-mem","pos","Lysine_2092","Lysine_2092_Hilic-pos",0.719039187986386,0.743293306659067
4,2092,"Lysine",464888896,2,"15-mem","pos","Lysine_2092","Lysine_2092_Hilic-pos",0.756289799206672,0.743293306659067
4,2092,"Lysine",441532928,3,"15-mem","pos","Lysine_2092","Lysine_2092_Hilic-pos",0.754550932784142,0.743293306659067
5,2092,"Lysine",213361680,1,"15-mem","pos","Lysine_2092","Lysine_2092_Hilic-pos",0.332811246301027,0.33752917916871
5,2092,"Lysine",181318720,2,"15-mem","pos","Lysine_2092","Lysine_2092_Hilic-pos",0.294972625763061,0.33752917916871
5,2092,"Lysine",225171664,3,"15-mem","pos","Lysine_2092","Lysine_2092_Hilic-pos",0.384803665442042,0.33752917916871
6,2092,"Lysine",121263248,1,"15-mem","pos","Lysine_2092","Lysine_2092_Hilic-pos",0.189151925956857,0.206077285855862
6,2092,"Lysine",114019664,2,"15-mem","pos","Lysine_2092","Lysine_2092_Hilic-pos",0.185489284717552,0.206077285855862
6,2092,"Lysine",142539472,3,"15-mem","pos","Lysine_2092","Lysine_2092_Hilic-pos",0.243590646893178,0.206077285855862
7,2092,"Lysine",88418824,1,"15-mem","pos","Lysine_2092","Lysine_2092_Hilic-pos",0.137919700538125,0.149299471041555
7,2092,"Lysine",83885248,2,"15-mem","pos","Lysine_2092","Lysine_2092_Hilic-pos",0.136466062993085,0.149299471041555
7,2092,"Lysine",101532640,3,"15-mem","pos","Lysine_2092","Lysine_2092_Hilic-pos",0.173512649593456,0.149299471041555
8,2092,"Lysine",50526944,1,"15-mem","pos","Lysine_2092","Lysine_2092_Hilic-pos",0.0788142238307376,0.0874317884384424
8,2092,"Lysine",58043016,2,"15-mem","pos","Lysine_2092","Lysine_2092_Hilic-pos",0.094425445076644,0.0874317884384424
8,2092,"Lysine",52111820,3,"15-mem","pos","Lysine_2092","Lysine_2092_Hilic-pos",0.0890556964079456,0.0874317884384424
9,2092,"Lysine",23316620,1,"15-mem","pos","Lysine_2092","Lysine_2092_Hilic-pos",0.036370323676339,0.035596871321467
9,2092,"Lysine",21983814,2,"15-mem","pos","Lysine_2092","Lysine_2092_Hilic-pos",0.0357636726084695,0.035596871321467
9,2092,"Lysine",20279662,3,"15-mem","pos","Lysine_2092","Lysine_2092_Hilic-pos",0.0346566176795927,0.035596871321467
10,2092,"Lysine",5556954,1,"15-mem","pos","Lysine_2092","Lysine_2092_Hilic-pos",0.00866798942704931,0.0101793072525804
10,2092,"Lysine",6352732,2,"15-mem","pos","Lysine_2092","Lysine_2092_Hilic-pos",0.010334741160808,0.0101793072525804
10,2092,"Lysine",6749931,3,"15-mem","pos","Lysine_2092","Lysine_2092_Hilic-pos",0.0115351911698839,0.0101793072525804
12,2092,"Lysine",1918176,1,"15-mem","pos","Lysine_2092","Lysine_2092_Hilic-pos",0.0029920581108319,0.00282541080756007
12,2092,"Lysine",1690058,2,"15-mem","pos","Lysine_2092","Lysine_2092_Hilic-pos",0.00274941741234368,0.00282541080756007
12,2092,"Lysine",1600270,3,"15-mem","pos","Lysine_2092","Lysine_2092_Hilic-pos",0.00273475689950462,0.00282541080756007
14,2092,"Lysine",1222015,1,"15-mem","pos","Lysine_2092","Lysine_2092_Hilic-pos",0.00190615454072423,0.00205944575435557
14,2092,"Lysine",1284716,2,"15-mem","pos","Lysine_2092","Lysine_2092_Hilic-pos",0.00208999959783423,0.00205944575435557
14,2092,"Lysine",1276926,3,"15-mem","pos","Lysine_2092","Lysine_2092_Hilic-pos",0.00218218312450827,0.00205944575435557
16,2092,"Lysine",980970,1,"15-mem","pos","Lysine_2092","Lysine_2092_Hilic-pos",0.00153016159360912,0.00205930503061061
16,2092,"Lysine",1569372,2,"15-mem","pos","Lysine_2092","Lysine_2092_Hilic-pos",0.00255308320971507,0.00205930503061061
16,2092,"Lysine",1225717,3,"15-mem","pos","Lysine_2092","Lysine_2092_Hilic-pos",0.00209467028850763,0.00205930503061061
18,2092,"Lysine",1301611,1,"15-mem","pos","Lysine_2092","Lysine_2092_Hilic-pos",0.00203031199936711,0.00234201049458684
18,2092,"Lysine",981858,2,"15-mem","pos","Lysine_2092","Lysine_2092_Hilic-pos",0.00159730463785795,0.00234201049458684
18,2092,"Lysine",1988616,3,"15-mem","pos","Lysine_2092","Lysine_2092_Hilic-pos",0.00339841484653545,0.00234201049458684
20,2092,"Lysine",2323498,1,"15-mem","pos","Lysine_2092","Lysine_2092_Hilic-pos",0.0036242977893591,0.00281387002009619
20,2092,"Lysine",1778774,2,"15-mem","pos","Lysine_2092","Lysine_2092_Hilic-pos",0.00289374223146437,0.00281387002009619
20,2092,"Lysine",1125596,3,"15-mem","pos","Lysine_2092","Lysine_2092_Hilic-pos",0.0019235700394651,0.00281387002009619
22,2092,"Lysine",1856669,1,"15-mem","pos","Lysine_2092","Lysine_2092_Hilic-pos",0.00289611669658058,0.00273687067512356
22,2092,"Lysine",2076965,2,"15-mem","pos","Lysine_2092","Lysine_2092_Hilic-pos",0.00337884483007588,0.00273687067512356
22,2092,"Lysine",1132665,3,"15-mem","pos","Lysine_2092","Lysine_2092_Hilic-pos",0.00193565049871422,0.00273687067512356
24,2092,"Lysine",1978267,1,"15-mem","pos","Lysine_2092","Lysine_2092_Hilic-pos",0.00308579078392237,0.00353590621362454
24,2092,"Lysine",2301144,2,"15-mem","pos","Lysine_2092","Lysine_2092_Hilic-pos",0.00374354334697992,0.00353590621362454
24,2092,"Lysine",2210959,3,"15-mem","pos","Lysine_2092","Lysine_2092_Hilic-pos",0.00377838450997135,0.00353590621362454
28,2092,"Lysine",1140545,1,"15-mem","pos","Lysine_2092","Lysine_2092_Hilic-pos",0.00177907393170322,0.00256718974553144
28,2092,"Lysine",2211963,2,"15-mem","pos","Lysine_2092","Lysine_2092_Hilic-pos",0.00359846205731399,0.00256718974553144
28,2092,"Lysine",1359931,3,"15-mem","pos","Lysine_2092","Lysine_2092_Hilic-pos",0.00232403324757711,0.00256718974553144
32,2092,"Lysine",1153251,1,"15-mem","pos","Lysine_2092","Lysine_2092_Hilic-pos",0.0017988933280236,0.00296074043807037
32,2092,"Lysine",2237442,2,"15-mem","pos","Lysine_2092","Lysine_2092_Hilic-pos",0.00363991176273777,0.00296074043807037
32,2092,"Lysine",2014949,3,"15-mem","pos","Lysine_2092","Lysine_2092_Hilic-pos",0.00344341622344976,0.00296074043807037
36,2092,"Lysine",1196620,1,"15-mem","pos","Lysine_2092","Lysine_2092_Hilic-pos",0.00186654226545617,0.00331472953316377
36,2092,"Lysine",2459035,2,"15-mem","pos","Lysine_2092","Lysine_2092_Hilic-pos",0.00400040332731926,0.00331472953316377
36,2092,"Lysine",2385839,3,"15-mem","pos","Lysine_2092","Lysine_2092_Hilic-pos",0.00407724300671588,0.00331472953316377
40,2092,"Lysine",1080572,1,"15-mem","pos","Lysine_2092","Lysine_2092_Hilic-pos",0.00168552532037615,0.00243172160044559
40,2092,"Lysine",2093957,2,"15-mem","pos","Lysine_2092","Lysine_2092_Hilic-pos",0.00340648772793533,0.00243172160044559
40,2092,"Lysine",1289196,3,"15-mem","pos","Lysine_2092","Lysine_2092_Hilic-pos",0.00220315175302528,0.00243172160044559
44,2092,"Lysine",1484307,1,"15-mem","pos","Lysine_2092","Lysine_2092_Hilic-pos",0.00231528952417013,0.0024192414239175
44,2092,"Lysine",1636870,2,"15-mem","pos","Lysine_2092","Lysine_2092_Hilic-pos",0.00266289019651574,0.0024192414239175
44,2092,"Lysine",1333898,3,"15-mem","pos","Lysine_2092","Lysine_2092_Hilic-pos",0.00227954455106665,0.0024192414239175
48,2092,"Lysine",1188782,1,"15-mem","pos","Lysine_2092","Lysine_2092_Hilic-pos",0.00185431619679892,0.00369552702695161
48,2092,"Lysine",2195182,2,"15-mem","pos","Lysine_2092","Lysine_2092_Hilic-pos",0.00357116241813205,0.00369552702695161
48,2092,"Lysine",3312650,3,"15-mem","pos","Lysine_2092","Lysine_2092_Hilic-pos",0.00566110246592387,0.00369552702695161
0,732,"L-Threonine",43967592,1,"15-mem","neg","L-Threonine_732","L-Threonine_732_Hilic-neg",1,1
0,732,"L-Threonine",49189336,2,"15-mem","neg","L-Threonine_732","L-Threonine_732_Hilic-neg",1,1
0,732,"L-Threonine",50328700,3,"15-mem","neg","L-Threonine_732","L-Threonine_732_Hilic-neg",1,1
1,732,"L-Threonine",41327380,1,"15-mem","neg","L-Threonine_732","L-Threonine_732_Hilic-neg",0.939950931587272,1.00408813440354
1,732,"L-Threonine",51984380,2,"15-mem","neg","L-Threonine_732","L-Threonine_732_Hilic-neg",1.05682213199987,1.00408813440354
1,732,"L-Threonine",51108360,3,"15-mem","neg","L-Threonine_732","L-Threonine_732_Hilic-neg",1.01549133962349,1.00408813440354
2,732,"L-Threonine",50131836,1,"15-mem","neg","L-Threonine_732","L-Threonine_732_Hilic-neg",1.14019969207775,0.976216719487406
2,732,"L-Threonine",40276468,2,"15-mem","neg","L-Threonine_732","L-Threonine_732_Hilic-neg",0.818804856019913,0.976216719487406
2,732,"L-Threonine",48801004,3,"15-mem","neg","L-Threonine_732","L-Threonine_732_Hilic-neg",0.969645610364551,0.976216719487406
3,732,"L-Threonine",47875232,1,"15-mem","neg","L-Threonine_732","L-Threonine_732_Hilic-neg",1.08887543605128,0.959225453404264
3,732,"L-Threonine",45177860,2,"15-mem","neg","L-Threonine_732","L-Threonine_732_Hilic-neg",0.918448240113503,0.959225453404264
3,732,"L-Threonine",43803720,3,"15-mem","neg","L-Threonine_732","L-Threonine_732_Hilic-neg",0.870352684048015,0.959225453404264
4,732,"L-Threonine",57637264,1,"15-mem","neg","L-Threonine_732","L-Threonine_732_Hilic-neg",1.31090332827635,1.1133744195268
4,732,"L-Threonine",48612168,2,"15-mem","neg","L-Threonine_732","L-Threonine_732_Hilic-neg",0.988266379764379,1.1133744195268
4,732,"L-Threonine",52389840,3,"15-mem","neg","L-Threonine_732","L-Threonine_732_Hilic-neg",1.04095355053968,1.1133744195268
5,732,"L-Threonine",46999140,1,"15-mem","neg","L-Threonine_732","L-Threonine_732_Hilic-neg",1.06894957838606,0.992543423476689
5,732,"L-Threonine",46489660,2,"15-mem","neg","L-Threonine_732","L-Threonine_732_Hilic-neg",0.945116621514943,0.992543423476689
5,732,"L-Threonine",48494928,3,"15-mem","neg","L-Threonine_732","L-Threonine_732_Hilic-neg",0.963564070529061,0.992543423476689
6,732,"L-Threonine",39653852,1,"15-mem","neg","L-Threonine_732","L-Threonine_732_Hilic-neg",0.901888170225739,0.88737119820564
6,732,"L-Threonine",43511924,2,"15-mem","neg","L-Threonine_732","L-Threonine_732_Hilic-neg",0.884580412214135,0.88737119820564
6,732,"L-Threonine",44070076,3,"15-mem","neg","L-Threonine_732","L-Threonine_732_Hilic-neg",0.875645012177048,0.88737119820564
7,732,"L-Threonine",35148264,1,"15-mem","neg","L-Threonine_732","L-Threonine_732_Hilic-neg",0.799412967637323,0.762440502530438
7,732,"L-Threonine",38454896,2,"15-mem","neg","L-Threonine_732","L-Threonine_732_Hilic-neg",0.781773009056821,0.762440502530438
7,732,"L-Threonine",35538884,3,"15-mem","neg","L-Threonine_732","L-Threonine_732_Hilic-neg",0.706135530897171,0.762440502530438
8,732,"L-Threonine",29384088,1,"15-mem","neg","L-Threonine_732","L-Threonine_732_Hilic-neg",0.6683124090964,0.62943939131814
8,732,"L-Threonine",26588180,2,"15-mem","neg","L-Threonine_732","L-Threonine_732_Hilic-neg",0.540527309811067,0.62943939131814
8,732,"L-Threonine",34197268,3,"15-mem","neg","L-Threonine_732","L-Threonine_732_Hilic-neg",0.679478455046952,0.62943939131814
9,732,"L-Threonine",26960062,1,"15-mem","neg","L-Threonine_732","L-Threonine_732_Hilic-neg",0.613180303047292,0.600217671690599
9,732,"L-Threonine",26193138,2,"15-mem","neg","L-Threonine_732","L-Threonine_732_Hilic-neg",0.532496260317556,0.600217671690599
9,732,"L-Threonine",32964114,3,"15-mem","neg","L-Threonine_732","L-Threonine_732_Hilic-neg",0.65497645170695,0.600217671690599
10,732,"L-Threonine",23138550,1,"15-mem","neg","L-Threonine_732","L-Threonine_732_Hilic-neg",0.526263741569842,0.414228170900156
10,732,"L-Threonine",17028872,2,"15-mem","neg","L-Threonine_732","L-Threonine_732_Hilic-neg",0.346190313563283,0.414228170900156
10,732,"L-Threonine",18633218,3,"15-mem","neg","L-Threonine_732","L-Threonine_732_Hilic-neg",0.370230457567343,0.414228170900156
12,732,"L-Threonine",1108812,1,"15-mem","neg","L-Threonine_732","L-Threonine_732_Hilic-neg",0.02521884698123,0.0461249275244612
12,732,"L-Threonine",1113735,2,"15-mem","neg","L-Threonine_732","L-Threonine_732_Hilic-neg",0.0226417973472584,0.0461249275244612
12,732,"L-Threonine",4555459,3,"15-mem","neg","L-Threonine_732","L-Threonine_732_Hilic-neg",0.0905141382448953,0.0461249275244612
14,732,"L-Threonine",988630,1,"15-mem","neg","L-Threonine_732","L-Threonine_732_Hilic-neg",0.0224854246626601,0.0220695976508775
14,732,"L-Threonine",1065601,2,"15-mem","neg","L-Threonine_732","L-Threonine_732_Hilic-neg",0.0216632519360853,0.0220695976508775
14,732,"L-Threonine",1110257,3,"15-mem","neg","L-Threonine_732","L-Threonine_732_Hilic-neg",0.0220601163538872,0.0220695976508775
16,732,"L-Threonine",1006745,1,"15-mem","neg","L-Threonine_732","L-Threonine_732_Hilic-neg",0.0228974326613695,0.0215219778577146
16,732,"L-Threonine",1065264,2,"15-mem","neg","L-Threonine_732","L-Threonine_732_Hilic-neg",0.0216564008577713,0.0215219778577146
16,732,"L-Threonine",1007183,3,"15-mem","neg","L-Threonine_732","L-Threonine_732_Hilic-neg",0.020012100054003,0.0215219778577146
18,732,"L-Threonine",924445,1,"15-mem","neg","L-Threonine_732","L-Threonine_732_Hilic-neg",0.0210255994682265,0.0191598128027248
18,732,"L-Threonine",892955,2,"15-mem","neg","L-Threonine_732","L-Threonine_732_Hilic-neg",0.0181534262191824,0.0191598128027248
18,732,"L-Threonine",921036,3,"15-mem","neg","L-Threonine_732","L-Threonine_732_Hilic-neg",0.0183004127207654,0.0191598128027248
20,732,"L-Threonine",858525,1,"15-mem","neg","L-Threonine_732","L-Threonine_732_Hilic-neg",0.0195263133917747,0.0183231185549018
20,732,"L-Threonine",978131,2,"15-mem","neg","L-Threonine_732","L-Threonine_732_Hilic-neg",0.0198850210158352,0.0183231185549018
20,732,"L-Threonine",783015,3,"15-mem","neg","L-Threonine_732","L-Threonine_732_Hilic-neg",0.0155580212570954,0.0183231185549018
22,732,"L-Threonine",875014,1,"15-mem","neg","L-Threonine_732","L-Threonine_732_Hilic-neg",0.0199013396071056,0.0193402445456017
22,732,"L-Threonine",909802,2,"15-mem","neg","L-Threonine_732","L-Threonine_732_Hilic-neg",0.018495919146054,0.0193402445456017
22,732,"L-Threonine",987624,3,"15-mem","neg","L-Threonine_732","L-Threonine_732_Hilic-neg",0.0196234748836454,0.0193402445456017
24,732,"L-Threonine",790441,1,"15-mem","neg","L-Threonine_732","L-Threonine_732_Hilic-neg",0.0179778092469151,0.0172203171617603
24,732,"L-Threonine",833266,2,"15-mem","neg","L-Threonine_732","L-Threonine_732_Hilic-neg",0.0169399721732375,0.0172203171617603
24,732,"L-Threonine",842662,3,"15-mem","neg","L-Threonine_732","L-Threonine_732_Hilic-neg",0.0167431700651284,0.0172203171617603
28,732,"L-Threonine",624021,1,"15-mem","neg","L-Threonine_732","L-Threonine_732_Hilic-neg",0.0141927487365524,0.0136347345648627
28,732,"L-Threonine",614555,2,"15-mem","neg","L-Threonine_732","L-Threonine_732_Hilic-neg",0.0124936630066797,0.0136347345648627
28,732,"L-Threonine",715563,3,"15-mem","neg","L-Threonine_732","L-Threonine_732_Hilic-neg",0.0142177919513559,0.0136347345648627
32,732,"L-Threonine",471573,1,"15-mem","neg","L-Threonine_732","L-Threonine_732_Hilic-neg",0.0107254677325638,0.0109789176594643
32,732,"L-Threonine",560516,2,"15-mem","neg","L-Threonine_732","L-Threonine_732_Hilic-neg",0.0113950712529425,0.0109789176594643
32,732,"L-Threonine",544366,3,"15-mem","neg","L-Threonine_732","L-Threonine_732_Hilic-neg",0.0108162139928865,0.0109789176594643
36,732,"L-Threonine",409806,1,"15-mem","neg","L-Threonine_732","L-Threonine_732_Hilic-neg",0.00932063758868947,0.00908617752136762
36,732,"L-Threonine",433667,2,"15-mem","neg","L-Threonine_732","L-Threonine_732_Hilic-neg",0.0088162806504182,0.00908617752136762
36,732,"L-Threonine",459079,3,"15-mem","neg","L-Threonine_732","L-Threonine_732_Hilic-neg",0.0091216143249952,0.00908617752136762
40,732,"L-Threonine",386228,1,"15-mem","neg","L-Threonine_732","L-Threonine_732_Hilic-neg",0.00878437898567702,0.00856423530375016
40,732,"L-Threonine",397496,2,"15-mem","neg","L-Threonine_732","L-Threonine_732_Hilic-neg",0.00808093835458689,0.00856423530375016
40,732,"L-Threonine",444271,3,"15-mem","neg","L-Threonine_732","L-Threonine_732_Hilic-neg",0.00882738857098656,0.00856423530375016
44,732,"L-Threonine",437278,1,"15-mem","neg","L-Threonine_732","L-Threonine_732_Hilic-neg",0.00994546142200689,0.00912952537504269
44,732,"L-Threonine",425134,2,"15-mem","neg","L-Threonine_732","L-Threonine_732_Hilic-neg",0.00864280809477062,0.00912952537504269
44,732,"L-Threonine",442908,3,"15-mem","neg","L-Threonine_732","L-Threonine_732_Hilic-neg",0.00880030660835057,0.00912952537504269
48,732,"L-Threonine",377251,1,"15-mem","neg","L-Threonine_732","L-Threonine_732_Hilic-neg",0.00858020588027186,0.0094898447692594
48,732,"L-Threonine",429225,2,"15-mem","neg","L-Threonine_732","L-Threonine_732_Hilic-neg",0.00872597652617274,0.0094898447692594
48,732,"L-Threonine",561837,3,"15-mem","neg","L-Threonine_732","L-Threonine_732_Hilic-neg",0.0111633519013336,0.0094898447692594
0,3977,"D-Fructose",5491129,1,"15-mem","neg","D-Fructose_3977","D-Fructose_3977_Hilic-neg",1,1
0,3977,"D-Fructose",5827444,2,"15-mem","neg","D-Fructose_3977","D-Fructose_3977_Hilic-neg",1,1
0,3977,"D-Fructose",5450082,3,"15-mem","neg","D-Fructose_3977","D-Fructose_3977_Hilic-neg",1,1
1,3977,"D-Fructose",5878132,1,"15-mem","neg","D-Fructose_3977","D-Fructose_3977_Hilic-neg",1.07047766124641,1.04836406098798
1,3977,"D-Fructose",5909826,2,"15-mem","neg","D-Fructose_3977","D-Fructose_3977_Hilic-neg",1.01413672715916,1.04836406098798
1,3977,"D-Fructose",5779692,3,"15-mem","neg","D-Fructose_3977","D-Fructose_3977_Hilic-neg",1.06047779455836,1.04836406098798
2,3977,"D-Fructose",6252550,1,"15-mem","neg","D-Fructose_3977","D-Fructose_3977_Hilic-neg",1.13866362661237,1.07536364499737
2,3977,"D-Fructose",5894727,2,"15-mem","neg","D-Fructose_3977","D-Fructose_3977_Hilic-neg",1.01154571171414,1.07536364499737
2,3977,"D-Fructose",5863644,3,"15-mem","neg","D-Fructose_3977","D-Fructose_3977_Hilic-neg",1.07588159666559,1.07536364499737
3,3977,"D-Fructose",5731941,1,"15-mem","neg","D-Fructose_3977","D-Fructose_3977_Hilic-neg",1.04385454360032,0.964645394582088
3,3977,"D-Fructose",5340162,2,"15-mem","neg","D-Fructose_3977","D-Fructose_3977_Hilic-neg",0.916381364388681,0.964645394582088
3,3977,"D-Fructose",5088744,3,"15-mem","neg","D-Fructose_3977","D-Fructose_3977_Hilic-neg",0.933700275757268,0.964645394582088
4,3977,"D-Fructose",291382,1,"15-mem","neg","D-Fructose_3977","D-Fructose_3977_Hilic-neg",0.0530641234135779,0.024875254852406
4,3977,"D-Fructose",38765,2,"15-mem","neg","D-Fructose_3977","D-Fructose_3977_Hilic-neg",0.00665214343507318,0.024875254852406
4,3977,"D-Fructose",81258,3,"15-mem","neg","D-Fructose_3977","D-Fructose_3977_Hilic-neg",0.014909497708567,0.024875254852406
5,3977,"D-Fructose",34663,1,"15-mem","neg","D-Fructose_3977","D-Fructose_3977_Hilic-neg",0.00631254404831064,0.0122183071114474
5,3977,"D-Fructose",33256,2,"15-mem","neg","D-Fructose_3977","D-Fructose_3977_Hilic-neg",0.00570678916746533,0.0122183071114474
5,3977,"D-Fructose",134266,3,"15-mem","neg","D-Fructose_3977","D-Fructose_3977_Hilic-neg",0.0246355881185663,0.0122183071114474
6,3977,"D-Fructose",179842,1,"15-mem","neg","D-Fructose_3977","D-Fructose_3977_Hilic-neg",0.0327513644732505,0.0140280489531784
6,3977,"D-Fructose",25875,2,"15-mem","neg","D-Fructose_3977","D-Fructose_3977_Hilic-neg",0.00444019634676947,0.0140280489531784
6,3977,"D-Fructose",26665,3,"15-mem","neg","D-Fructose_3977","D-Fructose_3977_Hilic-neg",0.00489258603951536,0.0140280489531784
7,3977,"D-Fructose",35169,1,"15-mem","neg","D-Fructose_3977","D-Fructose_3977_Hilic-neg",0.00640469265888806,0.00555340742556782
7,3977,"D-Fructose",31588,2,"15-mem","neg","D-Fructose_3977","D-Fructose_3977_Hilic-neg",0.00542055737977793,0.00555340742556782
7,3977,"D-Fructose",26351,3,"15-mem","neg","D-Fructose_3977","D-Fructose_3977_Hilic-neg",0.00483497223803748,0.00555340742556782
8,3977,"D-Fructose",27909,1,"15-mem","neg","D-Fructose_3977","D-Fructose_3977_Hilic-neg",0.00508256042016853,0.00543823778221006
8,3977,"D-Fructose",33199,2,"15-mem","neg","D-Fructose_3977","D-Fructose_3977_Hilic-neg",0.0056970078653681,0.00543823778221006
8,3977,"D-Fructose",30167,3,"15-mem","neg","D-Fructose_3977","D-Fructose_3977_Hilic-neg",0.00553514506109357,0.00543823778221006
9,3977,"D-Fructose",28799,1,"15-mem","neg","D-Fructose_3977","D-Fructose_3977_Hilic-neg",0.00524463999213277,0.00552741329896921
9,3977,"D-Fructose",29899,2,"15-mem","neg","D-Fructose_3977","D-Fructose_3977_Hilic-neg",0.00513072195447576,0.00552741329896921
9,3977,"D-Fructose",33828,3,"15-mem","neg","D-Fructose_3977","D-Fructose_3977_Hilic-neg",0.0062068779502991,0.00552741329896921
10,3977,"D-Fructose",29920,1,"15-mem","neg","D-Fructose_3977","D-Fructose_3977_Hilic-neg",0.00544878740805627,0.00550946771300369
10,3977,"D-Fructose",30718,2,"15-mem","neg","D-Fructose_3977","D-Fructose_3977_Hilic-neg",0.00527126382145177,0.00550946771300369
10,3977,"D-Fructose",31656,3,"15-mem","neg","D-Fructose_3977","D-Fructose_3977_Hilic-neg",0.00580835190950303,0.00550946771300369
12,3977,"D-Fructose",27696,1,"15-mem","neg","D-Fructose_3977","D-Fructose_3977_Hilic-neg",0.00504377059002428,0.0050268976478701
12,3977,"D-Fructose",31085,2,"15-mem","neg","D-Fructose_3977","D-Fructose_3977_Hilic-neg",0.00533424167881464,0.0050268976478701
12,3977,"D-Fructose",25630,3,"15-mem","neg","D-Fructose_3977","D-Fructose_3977_Hilic-neg",0.00470268067477137,0.0050268976478701
14,3977,"D-Fructose",31336,1,"15-mem","neg","D-Fructose_3977","D-Fructose_3977_Hilic-neg",0.00570665782817016,0.00490543683027349
14,3977,"D-Fructose",25552,2,"15-mem","neg","D-Fructose_3977","D-Fructose_3977_Hilic-neg",0.00438476896821849,0.00490543683027349
14,3977,"D-Fructose",25206,3,"15-mem","neg","D-Fructose_3977","D-Fructose_3977_Hilic-neg",0.00462488369443181,0.00490543683027349
16,3977,"D-Fructose",23553,1,"15-mem","neg","D-Fructose_3977","D-Fructose_3977_Hilic-neg",0.00428928107693681,0.00436584409150356
16,3977,"D-Fructose",23709,2,"15-mem","neg","D-Fructose_3977","D-Fructose_3977_Hilic-neg",0.00406850686707468,0.00436584409150356
16,3977,"D-Fructose",25832,3,"15-mem","neg","D-Fructose_3977","D-Fructose_3977_Hilic-neg",0.00473974433049919,0.00436584409150356
18,3977,"D-Fructose",29264,1,"15-mem","neg","D-Fructose_3977","D-Fructose_3977_Hilic-neg",0.00532932201568712,0.00502938730452288
18,3977,"D-Fructose",26075,2,"15-mem","neg","D-Fructose_3977","D-Fructose_3977_Hilic-neg",0.00447451670500537,0.00502938730452288
18,3977,"D-Fructose",28800,3,"15-mem","neg","D-Fructose_3977","D-Fructose_3977_Hilic-neg",0.00528432319287615,0.00502938730452288
20,3977,"D-Fructose",30379,1,"15-mem","neg","D-Fructose_3977","D-Fructose_3977_Hilic-neg",0.00553237676033895,0.0048937387946593
20,3977,"D-Fructose",26763,2,"15-mem","neg","D-Fructose_3977","D-Fructose_3977_Hilic-neg",0.00459257873733686,0.0048937387946593
20,3977,"D-Fructose",24832,3,"15-mem","neg","D-Fructose_3977","D-Fructose_3977_Hilic-neg",0.0045562608863021,0.0048937387946593
22,3977,"D-Fructose",26359,1,"15-mem","neg","D-Fructose_3977","D-Fructose_3977_Hilic-neg",0.00480028700832069,0.00512099749003825
22,3977,"D-Fructose",31030,2,"15-mem","neg","D-Fructose_3977","D-Fructose_3977_Hilic-neg",0.00532480358029977,0.00512099749003825
22,3977,"D-Fructose",28547,3,"15-mem","neg","D-Fructose_3977","D-Fructose_3977_Hilic-neg",0.00523790188149428,0.00512099749003825
24,3977,"D-Fructose",25072,1,"15-mem","neg","D-Fructose_3977","D-Fructose_3977_Hilic-neg",0.00456590902054768,0.00509556969154057
24,3977,"D-Fructose",29754,2,"15-mem","neg","D-Fructose_3977","D-Fructose_3977_Hilic-neg",0.00510583969475473,0.00509556969154057
24,3977,"D-Fructose",30602,3,"15-mem","neg","D-Fructose_3977","D-Fructose_3977_Hilic-neg",0.0056149603593193,0.00509556969154057
28,3977,"D-Fructose",31126,1,"15-mem","neg","D-Fructose_3977","D-Fructose_3977_Hilic-neg",0.00566841433366174,0.00542677958423913
28,3977,"D-Fructose",30671,2,"15-mem","neg","D-Fructose_3977","D-Fructose_3977_Hilic-neg",0.00526319853726633,0.00542677958423913
28,3977,"D-Fructose",29151,3,"15-mem","neg","D-Fructose_3977","D-Fructose_3977_Hilic-neg",0.00534872588178932,0.00542677958423913
32,3977,"D-Fructose",30923,1,"15-mem","neg","D-Fructose_3977","D-Fructose_3977_Hilic-neg",0.00563144562230361,0.00541695318292642
32,3977,"D-Fructose",30890,2,"15-mem","neg","D-Fructose_3977","D-Fructose_3977_Hilic-neg",0.00530077932953464,0.00541695318292642
32,3977,"D-Fructose",28987,3,"15-mem","neg","D-Fructose_3977","D-Fructose_3977_Hilic-neg",0.005318634596941,0.00541695318292642
36,3977,"D-Fructose",27168,1,"15-mem","neg","D-Fructose_3977","D-Fructose_3977_Hilic-neg",0.0049476155181174,0.00506056492245227
36,3977,"D-Fructose",29718,2,"15-mem","neg","D-Fructose_3977","D-Fructose_3977_Hilic-neg",0.00509966203027227,0.00506056492245227
36,3977,"D-Fructose",27983,3,"15-mem","neg","D-Fructose_3977","D-Fructose_3977_Hilic-neg",0.00513441721896712,0.00506056492245227
40,3977,"D-Fructose",36272,1,"15-mem","neg","D-Fructose_3977","D-Fructose_3977_Hilic-neg",0.00660556206099655,0.00632040025929865
40,3977,"D-Fructose",36317,2,"15-mem","neg","D-Fructose_3977","D-Fructose_3977_Hilic-neg",0.00623206225026577,0.00632040025929865
40,3977,"D-Fructose",33374,3,"15-mem","neg","D-Fructose_3977","D-Fructose_3977_Hilic-neg",0.00612357646663363,0.00632040025929865
44,3977,"D-Fructose",35824,1,"15-mem","neg","D-Fructose_3977","D-Fructose_3977_Hilic-neg",0.0065239759393786,0.00595958718282531
44,3977,"D-Fructose",29688,2,"15-mem","neg","D-Fructose_3977","D-Fructose_3977_Hilic-neg",0.00509451397653689,0.00595958718282531
44,3977,"D-Fructose",34119,3,"15-mem","neg","D-Fructose_3977","D-Fructose_3977_Hilic-neg",0.00626027163256046,0.00595958718282531
48,3977,"D-Fructose",37476,1,"15-mem","neg","D-Fructose_3977","D-Fructose_3977_Hilic-neg",0.00682482476284481,0.00626122965238013
48,3977,"D-Fructose",34579,2,"15-mem","neg","D-Fructose_3977","D-Fructose_3977_Hilic-neg",0.0059338183371958,0.00626122965238013
48,3977,"D-Fructose",32837,3,"15-mem","neg","D-Fructose_3977","D-Fructose_3977_Hilic-neg",0.00602504585709979,0.00626122965238013
0,1022,"L-ASPARTATE",34197784,1,"15-mem","neg","L-ASPARTATE_1022","L-ASPARTATE_1022_Hilic-neg",1,1
0,1022,"L-ASPARTATE",36513324,2,"15-mem","neg","L-ASPARTATE_1022","L-ASPARTATE_1022_Hilic-neg",1,1
0,1022,"L-ASPARTATE",39425512,3,"15-mem","neg","L-ASPARTATE_1022","L-ASPARTATE_1022_Hilic-neg",1,1
1,1022,"L-ASPARTATE",39994304,1,"15-mem","neg","L-ASPARTATE_1022","L-ASPARTATE_1022_Hilic-neg",1.16949983748947,1.14363143174929
1,1022,"L-ASPARTATE",44082036,2,"15-mem","neg","L-ASPARTATE_1022","L-ASPARTATE_1022_Hilic-neg",1.20728627151869,1.14363143174929
1,1022,"L-ASPARTATE",41558756,3,"15-mem","neg","L-ASPARTATE_1022","L-ASPARTATE_1022_Hilic-neg",1.05410818623971,1.14363143174929
2,1022,"L-ASPARTATE",44787132,1,"15-mem","neg","L-ASPARTATE_1022","L-ASPARTATE_1022_Hilic-neg",1.30965008406246,1.17515384084771
2,1022,"L-ASPARTATE",40640452,2,"15-mem","neg","L-ASPARTATE_1022","L-ASPARTATE_1022_Hilic-neg",1.11303070865225,1.17515384084771
2,1022,"L-ASPARTATE",43477696,3,"15-mem","neg","L-ASPARTATE_1022","L-ASPARTATE_1022_Hilic-neg",1.10278072982842,1.17515384084771
3,1022,"L-ASPARTATE",34458792,1,"15-mem","neg","L-ASPARTATE_1022","L-ASPARTATE_1022_Hilic-neg",1.00763227793847,1.00617467047976
3,1022,"L-ASPARTATE",40182504,2,"15-mem","neg","L-ASPARTATE_1022","L-ASPARTATE_1022_Hilic-neg",1.10048876677213,1.00617467047976
3,1022,"L-ASPARTATE",35893104,3,"15-mem","neg","L-ASPARTATE_1022","L-ASPARTATE_1022_Hilic-neg",0.910402966728676,1.00617467047976
4,1022,"L-ASPARTATE",4723122,1,"15-mem","neg","L-ASPARTATE_1022","L-ASPARTATE_1022_Hilic-neg",0.138111927424539,0.101903940674182
4,1022,"L-ASPARTATE",2873920,2,"15-mem","neg","L-ASPARTATE_1022","L-ASPARTATE_1022_Hilic-neg",0.0787088001435093,0.101903940674182
4,1022,"L-ASPARTATE",3504577,3,"15-mem","neg","L-ASPARTATE_1022","L-ASPARTATE_1022_Hilic-neg",0.088891094454497,0.101903940674182
5,1022,"L-ASPARTATE",1259737,1,"15-mem","neg","L-ASPARTATE_1022","L-ASPARTATE_1022_Hilic-neg",0.0368368009799465,0.035904813202852
5,1022,"L-ASPARTATE",1099006,2,"15-mem","neg","L-ASPARTATE_1022","L-ASPARTATE_1022_Hilic-neg",0.0300987653137587,0.035904813202852
5,1022,"L-ASPARTATE",1607728,3,"15-mem","neg","L-ASPARTATE_1022","L-ASPARTATE_1022_Hilic-neg",0.0407788733148507,0.035904813202852
6,1022,"L-ASPARTATE",2065378,1,"15-mem","neg","L-ASPARTATE_1022","L-ASPARTATE_1022_Hilic-neg",0.0603950811434132,0.0452689525900786
6,1022,"L-ASPARTATE",1392344,2,"15-mem","neg","L-ASPARTATE_1022","L-ASPARTATE_1022_Hilic-neg",0.038132489988244,0.0452689525900786
6,1022,"L-ASPARTATE",1469755,3,"15-mem","neg","L-ASPARTATE_1022","L-ASPARTATE_1022_Hilic-neg",0.0372792866385784,0.0452689525900786
7,1022,"L-ASPARTATE",1766788,1,"15-mem","neg","L-ASPARTATE_1022","L-ASPARTATE_1022_Hilic-neg",0.0516638138990581,0.0477861457590268
7,1022,"L-ASPARTATE",1772093,2,"15-mem","neg","L-ASPARTATE_1022","L-ASPARTATE_1022_Hilic-neg",0.0485327753635146,0.0477861457590268
7,1022,"L-ASPARTATE",1701678,3,"15-mem","neg","L-ASPARTATE_1022","L-ASPARTATE_1022_Hilic-neg",0.0431618480145078,0.0477861457590268
8,1022,"L-ASPARTATE",1830910,1,"15-mem","neg","L-ASPARTATE_1022","L-ASPARTATE_1022_Hilic-neg",0.0535388476183472,0.0507989200222786
8,1022,"L-ASPARTATE",1893065,2,"15-mem","neg","L-ASPARTATE_1022","L-ASPARTATE_1022_Hilic-neg",0.051845867227923,0.0507989200222786
8,1022,"L-ASPARTATE",1853474,3,"15-mem","neg","L-ASPARTATE_1022","L-ASPARTATE_1022_Hilic-neg",0.0470120452205657,0.0507989200222786
9,1022,"L-ASPARTATE",2007556,1,"15-mem","neg","L-ASPARTATE_1022","L-ASPARTATE_1022_Hilic-neg",0.0587042698818067,0.0538318116410453
9,1022,"L-ASPARTATE",1954834,2,"15-mem","neg","L-ASPARTATE_1022","L-ASPARTATE_1022_Hilic-neg",0.0535375510173341,0.0538318116410453
9,1022,"L-ASPARTATE",1941849,3,"15-mem","neg","L-ASPARTATE_1022","L-ASPARTATE_1022_Hilic-neg",0.0492536140239951,0.0538318116410453
10,1022,"L-ASPARTATE",1939868,1,"15-mem","neg","L-ASPARTATE_1022","L-ASPARTATE_1022_Hilic-neg",0.0567249604031372,0.0525366053061962
10,1022,"L-ASPARTATE",1855103,2,"15-mem","neg","L-ASPARTATE_1022","L-ASPARTATE_1022_Hilic-neg",0.0508061919860763,0.0525366053061962
10,1022,"L-ASPARTATE",1974377,3,"15-mem","neg","L-ASPARTATE_1022","L-ASPARTATE_1022_Hilic-neg",0.050078663529375,0.0525366053061962
12,1022,"L-ASPARTATE",2292591,1,"15-mem","neg","L-ASPARTATE_1022","L-ASPARTATE_1022_Hilic-neg",0.0670391664255448,0.0588439562776397
12,1022,"L-ASPARTATE",2225338,2,"15-mem","neg","L-ASPARTATE_1022","L-ASPARTATE_1022_Hilic-neg",0.0609459149502271,0.0588439562776397
12,1022,"L-ASPARTATE",1913982,3,"15-mem","neg","L-ASPARTATE_1022","L-ASPARTATE_1022_Hilic-neg",0.0485467874571474,0.0588439562776397
14,1022,"L-ASPARTATE",2067880,1,"15-mem","neg","L-ASPARTATE_1022","L-ASPARTATE_1022_Hilic-neg",0.0604682437766072,0.0549661522922102
14,1022,"L-ASPARTATE",2092569,2,"15-mem","neg","L-ASPARTATE_1022","L-ASPARTATE_1022_Hilic-neg",0.0573097355554445,0.0549661522922102
14,1022,"L-ASPARTATE",1857749,3,"15-mem","neg","L-ASPARTATE_1022","L-ASPARTATE_1022_Hilic-neg",0.0471204775445788,0.0549661522922102
16,1022,"L-ASPARTATE",1955177,1,"15-mem","neg","L-ASPARTATE_1022","L-ASPARTATE_1022_Hilic-neg",0.0571726209753059,0.0514764617147428
16,1022,"L-ASPARTATE",1898380,2,"15-mem","neg","L-ASPARTATE_1022","L-ASPARTATE_1022_Hilic-neg",0.0519914305257053,0.0514764617147428
16,1022,"L-ASPARTATE",1784609,3,"15-mem","neg","L-ASPARTATE_1022","L-ASPARTATE_1022_Hilic-neg",0.0452653336432173,0.0514764617147428
18,1022,"L-ASPARTATE",1638577,1,"15-mem","neg","L-ASPARTATE_1022","L-ASPARTATE_1022_Hilic-neg",0.0479147114352582,0.0460152350450821
18,1022,"L-ASPARTATE",1739282,2,"15-mem","neg","L-ASPARTATE_1022","L-ASPARTATE_1022_Hilic-neg",0.0476341719084745,0.0460152350450821
18,1022,"L-ASPARTATE",1675459,3,"15-mem","neg","L-ASPARTATE_1022","L-ASPARTATE_1022_Hilic-neg",0.0424968217915135,0.0460152350450821
20,1022,"L-ASPARTATE",1452128,1,"15-mem","neg","L-ASPARTATE_1022","L-ASPARTATE_1022_Hilic-neg",0.0424626331793126,0.0372832448286496
20,1022,"L-ASPARTATE",1405485,2,"15-mem","neg","L-ASPARTATE_1022","L-ASPARTATE_1022_Hilic-neg",0.03849238599881,0.0372832448286496
20,1022,"L-ASPARTATE",1218040,3,"15-mem","neg","L-ASPARTATE_1022","L-ASPARTATE_1022_Hilic-neg",0.0308947153078262,0.0372832448286496
22,1022,"L-ASPARTATE",1362557,1,"15-mem","neg","L-ASPARTATE_1022","L-ASPARTATE_1022_Hilic-neg",0.0398434284559658,0.0342479541642894
22,1022,"L-ASPARTATE",1171158,2,"15-mem","neg","L-ASPARTATE_1022","L-ASPARTATE_1022_Hilic-neg",0.0320748110450089,0.0342479541642894
22,1022,"L-ASPARTATE",1215316,3,"15-mem","neg","L-ASPARTATE_1022","L-ASPARTATE_1022_Hilic-neg",0.0308256229918936,0.0342479541642894
24,1022,"L-ASPARTATE",1016826,1,"15-mem","neg","L-ASPARTATE_1022","L-ASPARTATE_1022_Hilic-neg",0.0297336801199259,0.0294311593077512
24,1022,"L-ASPARTATE",1132869,2,"15-mem","neg","L-ASPARTATE_1022","L-ASPARTATE_1022_Hilic-neg",0.0310261801684727,0.0294311593077512
24,1022,"L-ASPARTATE",1085527,3,"15-mem","neg","L-ASPARTATE_1022","L-ASPARTATE_1022_Hilic-neg",0.0275336176348549,0.0294311593077512
28,1022,"L-ASPARTATE",764784,1,"15-mem","neg","L-ASPARTATE_1022","L-ASPARTATE_1022_Hilic-neg",0.0223635536629054,0.0206774903499868
28,1022,"L-ASPARTATE",745985,2,"15-mem","neg","L-ASPARTATE_1022","L-ASPARTATE_1022_Hilic-neg",0.0204304866784934,0.0206774903499868
28,1022,"L-ASPARTATE",758485,3,"15-mem","neg","L-ASPARTATE_1022","L-ASPARTATE_1022_Hilic-neg",0.0192384307085617,0.0206774903499868
32,1022,"L-ASPARTATE",543536,1,"15-mem","neg","L-ASPARTATE_1022","L-ASPARTATE_1022_Hilic-neg",0.0158938948823732,0.0168615798977138
32,1022,"L-ASPARTATE",687193,2,"15-mem","neg","L-ASPARTATE_1022","L-ASPARTATE_1022_Hilic-neg",0.0188203347681976,0.0168615798977138
32,1022,"L-ASPARTATE",625703,3,"15-mem","neg","L-ASPARTATE_1022","L-ASPARTATE_1022_Hilic-neg",0.0158705100425707,0.0168615798977138
36,1022,"L-ASPARTATE",496597,1,"15-mem","neg","L-ASPARTATE_1022","L-ASPARTATE_1022_Hilic-neg",0.0145213206059983,0.0138478320026723
36,1022,"L-ASPARTATE",519167,2,"15-mem","neg","L-ASPARTATE_1022","L-ASPARTATE_1022_Hilic-neg",0.0142185626754069,0.0138478320026723
36,1022,"L-ASPARTATE",504789,3,"15-mem","neg","L-ASPARTATE_1022","L-ASPARTATE_1022_Hilic-neg",0.0128036127266118,0.0138478320026723
40,1022,"L-ASPARTATE",627615,1,"15-mem","neg","L-ASPARTATE_1022","L-ASPARTATE_1022_Hilic-neg",0.0183525044092768,0.0167858611689966
40,1022,"L-ASPARTATE",674571,2,"15-mem","neg","L-ASPARTATE_1022","L-ASPARTATE_1022_Hilic-neg",0.0184746527466343,0.0167858611689966
40,1022,"L-ASPARTATE",533444,3,"15-mem","neg","L-ASPARTATE_1022","L-ASPARTATE_1022_Hilic-neg",0.0135304263510788,0.0167858611689966
44,1022,"L-ASPARTATE",667643,1,"15-mem","neg","L-ASPARTATE_1022","L-ASPARTATE_1022_Hilic-neg",0.0195229895737399,0.0191130940025416
44,1022,"L-ASPARTATE",764119,2,"15-mem","neg","L-ASPARTATE_1022","L-ASPARTATE_1022_Hilic-neg",0.0209271272884625,0.0191130940025416
44,1022,"L-ASPARTATE",665864,3,"15-mem","neg","L-ASPARTATE_1022","L-ASPARTATE_1022_Hilic-neg",0.0168891651454225,0.0191130940025416
48,1022,"L-ASPARTATE",914949,1,"15-mem","neg","L-ASPARTATE_1022","L-ASPARTATE_1022_Hilic-neg",0.0267546275292391,0.0253414162688422
48,1022,"L-ASPARTATE",841747,2,"15-mem","neg","L-ASPARTATE_1022","L-ASPARTATE_1022_Hilic-neg",0.0230531456666847,0.0253414162688422
48,1022,"L-ASPARTATE",1033598,3,"15-mem","neg","L-ASPARTATE_1022","L-ASPARTATE_1022_Hilic-neg",0.0262164756106027,0.0253414162688422
